PARENT,CHILD
ORIGINALPOST,roxystrange62I.
roxystrange62I.,THEalphabetGOD59Pe
THEalphabetGOD59Pe,freedcreativity110Y.
freedcreativity110Y.,barelycheese334Ys
barelycheese334Ys,AiasTheTelamonian127Id
AiasTheTelamonian127Id,DrMcClimateChange13Ae
DrMcClimateChange13Ae,zzzthelastuser55Ig
DrMcClimateChange13Ae,meeseeksdeleteafter14Fy
barelycheese334Ys,keeper_of_bee53Tu
keeper_of_bee53Tu,fredducky108Ho
fredducky108Ho,RedditLostOldAccount126Ie
keeper_of_bee53Tu,ShrimpHeaven2017182Tt
barelycheese334Ys,2xx83218SQ
2xx83218SQ,HuxleyWins196Is
HuxleyWins196Is,2xx83509I.
2xx83509I.,fussbudgets18Tt
barelycheese334Ys,mathme42057L.
mathme42057L.,marenello115955Tf
barelycheese334Ys,Livineasy629275T.
barelycheese334Ys,copperwatt86It
barelycheese334Ys,fairwesr73Cn
barelycheese334Ys,ZootKoomie407S 
barelycheese334Ys,wannabe_surgeon17Ho
barelycheese334Ys,SuzieB23195Te
barelycheese334Ys,throughmyiiiiis67C.
barelycheese334Ys,RSGoodfellow12HT
freedcreativity110Y.,HenceFourth103Aj
HenceFourth103Aj,TheGameSlave264Ie
TheGameSlave264Ie,HenceFourth51Ie
freedcreativity110Y.,WoodForFact81T.
WoodForFact81T.,freedcreativity58Yk
THEalphabetGOD59Pe,MysticStryker130Ic
MysticStryker130Ic,tilouswag276D.
tilouswag276D.,The-Forbidden-one109Ue
tilouswag276D.,LysergicResurgence143Ip
tilouswag276D.,igbythecat77B.
igbythecat77B.,Crazyjohnb22168Be
tilouswag276D.,Djpsychillogical222F.
THEalphabetGOD59Pe,HempCrateCo88Se
THEalphabetGOD59Pe,andnbspsc66Io
roxystrange62I.,mslcorp16Fw
mslcorp16Fw,jeeverz38T 
jeeverz38T ,HandInUnloveableHand73Sn
mslcorp16Fw,613codyrex127C.
613codyrex127C.,EmAye7465Yy
EmAye7465Yy,LiveOnSteak85Id
LiveOnSteak85Id,PM_ME_UR_MATHPROBLEM89We
PM_ME_UR_MATHPROBLEM89We,Maikuru9SX
EmAye7465Yy,Anagoth955B.
613codyrex127C.,madmartiganshair91Jg
madmartiganshair91Jg,HyperIceCube461It
roxystrange62I.,GrandpaDon35Cc
GrandpaDon35Cc,cualcrees27B!
cualcrees27B!,badissimo179".
badissimo179".,robrobra55Yr
roxystrange62I.,Frakmeordie7715Jh
roxystrange62I.,ARCHamKnight17Ts
ARCHamKnight17Ts,Bikinigirlout35Re
Bikinigirlout35Re,OptimisticNihilistt62An
OptimisticNihilistt62An,Whitewind61781Wy
Whitewind61781Wy,foxtrottits27M.
foxtrottits27M.,frankii3g214B.
frankii3g214B.,g_eazybakeoven33#S
g_eazybakeoven33#S,bangthedoIdrums37IG
Whitewind61781Wy,sgtpoopers42Im
sgtpoopers42Im,Why_is_this_so142A.
sgtpoopers42Im,always505220Sd
Whitewind61781Wy,Doolox138I.
Whitewind61781Wy,AlexanderRadulov51St
AlexanderRadulov51St,RadicalPterodactyl89Ye
Whitewind61781Wy,patrickwithtraffic261I?
patrickwithtraffic261I?,paulchalos81A.
OptimisticNihilistt62An,nickzpollard196'k
nickzpollard196'k,KrazeeJ165I.
KrazeeJ165I.,GhostOfMuttonPast70Ym
GhostOfMuttonPast70Ym,SeienShin64Ae
SeienShin64Ae,GodOfMills26Wn
KrazeeJ165I.,EdwardSandwichHands83h!
EdwardSandwichHands83h!,unimproved126Y.
unimproved126Y.,Priff48Yy
EdwardSandwichHands83h!,Azhaius21Ye
Bikinigirlout35Re,69SRDP69128I.
ARCHamKnight17Ts,fathertime979107Ce
fathertime979107Ce,Gelatinous629159Tt
Gelatinous629159Tt,squawkingood42OM
squawkingood42OM,astralhips53TD
astralhips53TD,Calm-Alkyne71Jk
Calm-Alkyne71Jk,Sachyriel60B.
Sachyriel60B.,Menos5165Lr
Calm-Alkyne71Jk,Mastershroom28.?
astralhips53TD,Waqqy101Wi
squawkingood42OM,MelonheadGT532T.
MelonheadGT532T.,Djpsychillogical305Tl
Gelatinous629159Tt,the_ham_guy81Cr
the_ham_guy81Cr,St_Bernardus76F.
the_ham_guy81Cr,swamp-hag161M.
swamp-hag161M.,satanicwaffles227It
Gelatinous629159Tt,instantrobotwar19Ba
Gelatinous629159Tt,CheeseSteakWithOnion49Io
Gelatinous629159Tt,Netherdiver69Fg
fathertime979107Ce,Nicholas144166Yl
Nicholas144166Yl,69SRDP6955Td
69SRDP6955Td,Ayn_Rand_Food_Stamps49T.
Ayn_Rand_Food_Stamps49T.,Gusearth38co
ARCHamKnight17Ts,hobbitlover24I.
hobbitlover24I.,TanStoney198Ie
ARCHamKnight17Ts,ByrdmanRanger358Tc
roxystrange62I.,_Mxtt_23R 
_Mxtt_23R ,ArgentoVeta37R 
ArgentoVeta37R ,Ericfyre18Ts
_Mxtt_23R ,ifhyex9Fs
_Mxtt_23R ,Madrid_Supporter31Hw
_Mxtt_23R ,iUsedtoHadHerpes4Wo
roxystrange62I.,diplomatic_dynamite96Dt
diplomatic_dynamite96Dt,TeslasAndComicbooks37A.
roxystrange62I.,Mr_McMrFace5Dk
Mr_McMrFace5Dk,phphulk106Fe
Mr_McMrFace5Dk,imooforyou580IB
imooforyou580IB,quibble42294Ik
quibble42294Ik,CidCrisis29Ne
CidCrisis29Ne,quibble4236Ts
Mr_McMrFace5Dk,Augustushomme68Ys
Augustushomme68Ys,jph117H?
Augustushomme68Ys,skudgee31Te
skudgee31Te,This_is_my_jam144Ds
This_is_my_jam144Ds,290077106>r
This_is_my_jam144Ds,EnduringAtlas60Iy
Augustushomme68Ys,Hairless-Sasquatch82Ho
roxystrange62I.,Razbo1440Dy
roxystrange62I.,sinnet1116BO
roxystrange62I.,ChadArnette33Js
ChadArnette33Js,GamersAgainstVaxes33Tn
roxystrange62I.,hurtfulproduct121Ls
hurtfulproduct121Ls,kerelgozert39C?
kerelgozert39C?,NeighborhoodCreep46Ne
kerelgozert39C?,ArmandoPayne52Yo
hurtfulproduct121Ls,himanxk113An
himanxk113An,Clapped19Y.
hurtfulproduct121Ls,foxtrottits178I.
foxtrottits178I.,A_delta79I7
hurtfulproduct121Ls,meowman42047e.
roxystrange62I.,Siicktiits128U.
Siicktiits128U.,ImFuckinLou17Pl
Siicktiits128U.,CJGitzfiggle68y.
roxystrange62I.,dykeslam34Fc
dykeslam34Fc,Krakenborn29Ok
Krakenborn29Ok,Godgivesmeaboner10Ba
Godgivesmeaboner10Ba,Salzberger24Dl
dykeslam34Fc,blh100318mk
dykeslam34Fc,Booper86146Ao
roxystrange62I.,regcrusher15In
regcrusher15In,LetsAllSmokin33In
LetsAllSmokin33In,xxsbellmorexx44Ie
xxsbellmorexx44Ie,PM_ME_PSN_CODES-PLS8Ge
roxystrange62I.,DatBoyBenny83Ii
roxystrange62I.,will963085Ta
roxystrange62I.,BluBlazr69P.
BluBlazr69P.,El_Chupachichis170Nt
El_Chupachichis170Nt,quibble4219Tb
El_Chupachichis170Nt,BluBlazr386I.
BluBlazr386I.,wycliffslim38Ae
El_Chupachichis170Nt,patrickwithtraffic45Lk
roxystrange62I.,iamPause19Xo
iamPause19Xo,bbllaakkee43au
bbllaakkee43au,CJGitzfiggle158Ms
bbllaakkee43au,D3lano63Ac
bbllaakkee43au,PormanNowell202Ha
roxystrange62I.,Im_scared_of_my_wife17Cm
roxystrange62I.,bushbabysuckers76n
roxystrange62I.,brentb568CB
roxystrange62I.,anonmudkip5Dk
roxystrange62I.,quibble4241Du
roxystrange62I.,jelatinman5Dk
roxystrange62I.,astrobatic7PL
roxystrange62I.,punkrockerducker11cw
roxystrange62I.,maurohndz15In
roxystrange62I.,GT-FractalxNeo110#l
roxystrange62I.,cneth613Ad
roxystrange62I.,Michaelm745611Na
roxystrange62I.,marakpa48Is
roxystrange62I.,ZG204711Cw
ORIGINALPOST,EnergyPanther129Ow
EnergyPanther129Ow,focacciaonyou37St
focacciaonyou37St,EnergyPanther80Oo
focacciaonyou37St,GenuineSnakeOil49d.
focacciaonyou37St,Skyphe75Ie
Skyphe75Ie,focacciaonyou50Ae
EnergyPanther80Oo,frankeneggo395Ty
EnergyPanther80Oo,ALLIGATOR_FUCK_PARTY11FA
ALLIGATOR_FUCK_PARTY11FA,Maurice_Loaf13Yy
ORIGINALPOST,Luminous_Fantasy111S.
Luminous_Fantasy111S.,baseballoctopus145Lm
baseballoctopus145Lm,therealpumpkinhead137L

therealpumpkinhead137L
,carlotta4th194O!
baseballoctopus145Lm,theabominableunicorn207TC
theabominableunicorn207TC,xonjas175Um
ORIGINALPOST,lonewolfncub3k44W 
lonewolfncub3k44W ,destroyergsp123171it
destroyergsp123171it,JamminJcruz309O.
JamminJcruz309O.,secretlives87.i
secretlives87.i,JakeMWP108Ie
JakeMWP108Ie,secretlives82Im
JamminJcruz309O.,Stoic_Potato61M.
Stoic_Potato61M.,Fedrizal44Lr
Fedrizal44Lr,Stoic_Potato28A.
destroyergsp123171it,Azara1th72Ge
destroyergsp123171it,KidNueva168T.
lonewolfncub3k44W ,shearingham46Wr
shearingham46Wr,Kev_Hardy100T.
lonewolfncub3k44W ,Obeast09142Ss
Obeast09142Ss,nigirizushi52W.
lonewolfncub3k44W ,frankeneggo155Ac
frankeneggo155Ac,apieceofthesky143Jd
lonewolfncub3k44W ,Seltory72he
ORIGINALPOST,superpaulyboy219H.
superpaulyboy219H.,ImJacksLackOfBeetus144Og
superpaulyboy219H.,Raggon59Id
ORIGINALPOST,Revived_Bacon55In
Revived_Bacon55In,unluckycowboy113Ts
unluckycowboy113Ts,honeyb051834T.
honeyb051834T.,unluckycowboy78G?
unluckycowboy78G?,honeyb051836O!
honeyb0518164I.,honeyb0518164I.
honeyb0518164I.,AckwardSonic7Hr
unluckycowboy78G?,-upsidedownpancakes-41dy
honeyb0518164I.,Candlematt99[c
unluckycowboy78G?,tmmtx100Ns
Revived_Bacon55In,jaydeekay88It
jaydeekay88It,Spydude9999999927Gl
Revived_Bacon55In,vikingpride1125Wg
ORIGINALPOST,13815133749Nl
13815133749Nl,Huwbacca382Ts
Huwbacca382Ts,usernamy44Ih
Huwbacca382Ts,MightyDevil1267On
Huwbacca382Ts,whelp_welp128Wg
whelp_welp128Wg,Huwbacca161Y

Huwbacca161Y
,DoctorPrower9>t
13815133749Nl,king-wizzrobe24W 
king-wizzrobe24W ,chrisschrossed564Ir
chrisschrossed564Ir,RazzyNathan63Is
RazzyNathan63Is,mandalorian222106W.
mandalorian222106W.,RazzyNathan402hs
RazzyNathan402hs,nikktheconqueerer254H.
nikktheconqueerer254H.,OlympusFonz197O.
OlympusFonz197O.,nikktheconqueerer302In
nikktheconqueerer302In,Squally160115Sk
RazzyNathan402hs,JudgeDreddx331St
RazzyNathan402hs,Orimori2432So
mandalorian222106W.,jonesz75236Id
jonesz75236Id,chacamaschaca29Wo
chacamaschaca29Wo,jonesz7530Yn
chrisschrossed564Ir,jtyti15251Iy
jtyti15251Iy,clouddragon94_234il
jtyti15251Iy,Iihemc597S.
Iihemc597S.,SoftStage95Se
Iihemc597S.,dust-free2929Ss
Iihemc597S.,Rokyoshi105ai
Iihemc597S.,tywood2024385Ne
Iihemc597S.,CerealAtNight273I.
jtyti15251Iy,_DarthJawa_92In
jtyti15251Iy,thirdamendmentrights18Ae
jtyti15251Iy,GenSec22Il
chrisschrossed564Ir,8636396222Es
8636396222Es,guyinthecorner099Re
guyinthecorner099Re,8636396374Sk
8636396374Sk,coonwhiz244I.
chrisschrossed564Ir,Mindcoitus270Te
Mindcoitus270Te,Baloomf87St
Baloomf87St,DroogyParade121I.
DroogyParade121I.,HougsSucks30Wa
DroogyParade121I.,lasiusflex233T

Baloomf87St,schrodingerslapdog152I.
Baloomf87St,bronet138Su
Mindcoitus270Te,richard0copeland201tt
richard0copeland201tt,KrazeeJ253S)
Mindcoitus270Te,lndividual-1161T.
king-wizzrobe24W ,spiritbearr501Y.
spiritbearr501Y.,strangepostinghabits93Tn
spiritbearr501Y.,uncertia280W.
king-wizzrobe24W ,1381513371701M.
1381513371701M.,Liet_763>s
king-wizzrobe24W ,SalvaXr249Iy
king-wizzrobe24W ,stripedphan28Ie
king-wizzrobe24W ,ynwa1892307Ll
1381513371701M.,dropbluelettuce437Te
dropbluelettuce437Te,138151337285H.
138151337285H.,_MCMXCIX368Is
_MCMXCIX368Is,Luhood74Ne
138151337285H.,trevinshu97140S.
trevinshu97140S.,Designer_B37W?
Designer_B37W?,trevinshu97111Yn
trevinshu97111Yn,James_Fucking_Holden200Wn
trevinshu97111Yn,Designer_B25Tu
trevinshu97111Yn,Eyeseeyou1313153Ie
Eyeseeyou1313153Ie,Optiguy42963I.
Optiguy42963I.,Eyeseeyou1313242Ye
Optiguy42963I.,steebdawg195t.
trevinshu97111Yn,FlightRisk31415F!
138151337285H.,BruceWayneWillis285Ia
BruceWayneWillis285Ia,VerySuperGenius233Is
138151337285H.,jonesz7543J)
138151337285H.,roomzinchina134Ys
138151337285H.,Ultimatealloy87W?
ORIGINALPOST,Tahoeclown81I.
Tahoeclown81I.,Delphizer85As
ORIGINALPOST,kevolad159T.
kevolad159T.,Erj296929Ms
Erj296929Ms,ChingChangChui21Sd
Erj296929Ms,Toxik628W?
Toxik628W?,rotidder_nadnerb11Hr
rotidder_nadnerb11Hr,Toxik623Kt
Toxik623Kt,Olliepop239820Pe
Olliepop239820Pe,HoneybadgerXLIV12It
Erj296929Ms,H_Kojima58Cy
Erj296929Ms,txstate42065ht
txstate42065ht,StephenHawkings_Legs10He
kevolad159T.,mwrscs130Gy
mwrscs130Gy,Brandon658153Jg
Brandon658153Jg,matas11631Hi
matas11631Hi,thebossbro12Wt
thebossbro12Wt,Tesrab128W.
matas11631Hi,DAMunzy_50Or
kevolad159T.,MisterSarcMan101R.
MisterSarcMan101R.,Magnific3nt8F1
kevolad159T.,ToInfinity_MinusOne151T 
ToInfinity_MinusOne151T ,imalittleC-3PO43Ie
imalittleC-3PO43Ie,himanxk109In
kevolad159T.,illbashyereadinm8180Io
kevolad159T.,JoakimSpinglefarb240Tp
kevolad159T.,liltinykitter248I.
ORIGINALPOST,frozen_tuna180B?
frozen_tuna180B?,nikktheconqueerer178Ku
nikktheconqueerer178Ku,OlympusFonz64E?
OlympusFonz64E?,Derigiberble43Cn
ORIGINALPOST,slgmichael27Tw
slgmichael27Tw,LaLaGlands102In
slgmichael27Tw,Waynersnitzel111Um
ORIGINALPOST,KyngChronos0913Gs
KyngChronos0913Gs,Fivesure188L.
Fivesure188L.,vektorog64tm
Fivesure188L.,caterpillardentures234N.
caterpillardentures234N.,StaticMeshMover113Gh
StaticMeshMover113Gh,caterpillardentures47Yh
caterpillardentures47Yh,StaticMeshMover64Yf
KyngChronos0913Gs,OfficerDougEiffel1080A 
OfficerDougEiffel1080A ,DeadCheeseTribe20Ia
DeadCheeseTribe20Ia,OfficerDougEiffel18N.
KyngChronos0913Gs,InvisibleFox0251Fn
ORIGINALPOST,M4SixString101Ny
M4SixString101Ny,LordMcze95Y.
LordMcze95Y.,M4SixString224Es
M4SixString224Es,ItsFilthyInThere44We
ItsFilthyInThere44We,M4SixString24Su
M4SixString24Su,rcknmrty4evr45Ww
rcknmrty4evr45Ww,movie_criticdotexe61Se
M4SixString24Su,-MoonMan141It
-MoonMan141It,M4SixString547It
-MoonMan141It,MikeVladimirov600Is
MikeVladimirov600Is,M4SixString173Ih
M4SixString173Ih,roadsidephil129As
M4SixString173Ih,bt1234yt75Ry
ORIGINALPOST,mildysentary32T.
mildysentary32T.,DoinBurnouts146o
mildysentary32T.,AdminsFuckedMeOver62We
AdminsFuckedMeOver62We,Im_on_my_phone_OK275R)
Im_on_my_phone_OK275R),Marchinon246Y.
Im_on_my_phone_OK275R),CkryptoKA188I.
ORIGINALPOST,unluckycowboy221Wt
ORIGINALPOST,psuedonymously50Ty
psuedonymously50Ty,homelessghost61T?
homelessghost61T?,diegobomber66Tl
ORIGINALPOST,thingsandstuffandstu86Us
thingsandstuffandstu86Us,H4ppypi350Wh
thingsandstuffandstu86Us,Tlbranton18Fu
Tlbranton18Fu,EveryWordForward47R.
ORIGINALPOST,Saucy-DM56Tl
Saucy-DM56Tl,Jpzett11Wa
Jpzett11Wa,Saucy-DM12Wo
ORIGINALPOST,conesofdunshire9535G.
ORIGINALPOST,philipquarles92T.
philipquarles92T.,Brandon23z238Ts
ORIGINALPOST,retrospectr317Ge
ORIGINALPOST,8-f135TB
ORIGINALPOST,Sr_wild58Ys
ORIGINALPOST,1BlackCoffeeSameMFer114tn
1BlackCoffeeSameMFer114tn,MaskedBandit77669T)
MaskedBandit77669T),1BlackCoffeeSameMFer716I 
1BlackCoffeeSameMFer716I ,MaskedBandit77741Oe
ORIGINALPOST,ringadingdingbaby77Nk
ringadingdingbaby77Nk,boppa_837St
ringadingdingbaby77Nk,Dubyaz127Sr
ringadingdingbaby77Nk,Michelanvalo100Yr
Michelanvalo100Yr,kkdarknight24It
kkdarknight24It,Madbrad200140Il
Madbrad200140Il,kkdarknight48Te
ORIGINALPOST,tharussianphil53Su
tharussianphil53Su,clouddragon94_2166ii
clouddragon94_2166ii,DarkSideOfBlack157Re
tharussianphil53Su,Kylerj96459T.
Kylerj96459T.,tharussianphil67E.
tharussianphil67E.,thelawtalkingguy49hi
ORIGINALPOST,MelodyInTheChaos566W.
MelodyInTheChaos566W.,BRager72234Ts
MelodyInTheChaos566W.,CeilingTowel382I.
ORIGINALPOST,slow_cooked_ham365En
slow_cooked_ham365En,Spork_the_dork323Ke
slow_cooked_ham365En,se7enfists322Iy
ORIGINALPOST,halien55548Ts
ORIGINALPOST,skifunkster83Cd
skifunkster83Cd,BRager72297T.
BRager72297T.,CoventryClimax260An
ORIGINALPOST,cheverian7110Sl
cheverian7110Sl,EtherLibrary209I.
EtherLibrary209I.,Leradine45Dt
ORIGINALPOST,sneakernomics62Pt
ORIGINALPOST,ArgentoVeta28Gl
ORIGINALPOST,r_u_dinkleberg33Y!
ORIGINALPOST,Demderdemden101.y
Demderdemden101.y,remeard206Io
remeard206Io,justforkicks123580Id
justforkicks123580Id,idgaf_about_yr_imgur49Td
idgaf_about_yr_imgur49Td,Goodly30Te
justforkicks123580Id,san_serifs68Sm
san_serifs68Sm,ThisAfricanboy182Vn
ThisAfricanboy182Vn,StaticMeshMover195Ck
justforkicks123580Id,PM_ME_UR_TRAINS236I.
PM_ME_UR_TRAINS236I.,ThePoison33118Ie
justforkicks123580Id,quibble4221H.
remeard206Io,BoringNYer63Ca
remeard206Io,diplomatic_dynamite342Ie
Demderdemden101.y,IronicHipsterCake288T.
IronicHipsterCake288T.,SnatchAddict82T.
SnatchAddict82T.,kobster911155It
kobster911155It,SnatchAddict12G.
Demderdemden101.y,RealDexterJettster5Ri
Demderdemden101.y,imalittleC-3PO104I.
imalittleC-3PO104I.,smurphatron21Yf
Demderdemden101.y,SHdude111Is
SHdude111Is,BirdyDevil185Yn
Demderdemden101.y,bloodmule136Ir
ORIGINALPOST,Ulric-James-Bitch112Il
ORIGINALPOST,radioshackhead136Hm
radioshackhead136Hm,Virgoan53Gu
ORIGINALPOST,superflyguy8723F.
superflyguy8723F.,Pulp_Ficti0n22Iu
ORIGINALPOST,vidwa87T.
ORIGINALPOST,PaperGanqster16Bb
ORIGINALPOST,theguywiththeyeballs42#l
ORIGINALPOST,IJustQuit40S*
ORIGINALPOST,Augustushomme89C.
Augustushomme89C.,Picax839836>h
ORIGINALPOST,Nutcup36Cy
ORIGINALPOST,NWJK13L 
ORIGINALPOST,bagg_a_bones46Wr
ORIGINALPOST,TremendousHeh68Cs
TremendousHeh68Cs,adamsandleryabish34*e
adamsandleryabish34*e,Stratengar110Ly
TremendousHeh68Cs,mrbadxampl33b.
mrbadxampl33b.,ComputerMystic70Tc
ORIGINALPOST,sukram66733In
ORIGINALPOST,Hey_Listen_WatchOut62Ty
ORIGINALPOST,RPFM103Gx
ORIGINALPOST,ethanf33152Hy
ORIGINALPOST,moustachio-banderas60Ig
ORIGINALPOST,JazzHandsNinja20T.
ORIGINALPOST,DurtySwede85Fn
ORIGINALPOST,poolerboy007728Ge
ORIGINALPOST,SovietBear66644Gp
ORIGINALPOST,broncos_fan37534Ba
ORIGINALPOST,mcpat2168Mc
ORIGINALPOST,The-White-Dot236Fe
ORIGINALPOST,luckharris162Hn
ORIGINALPOST,TruckMcBadass50N.
ORIGINALPOST,couchsittingbum27Fw
ORIGINALPOST,duffmannn15C!
ORIGINALPOST,Leithz726Dy
ORIGINALPOST,Benedict_ARNY124I.
ORIGINALPOST,Z3R0FiR363ss
ORIGINALPOST,Sierranevadabra250I.
ORIGINALPOST,SanguineDusk27Rp
ORIGINALPOST,SPLC_Official59Fk
ORIGINALPOST,xcerj6199Iy
ORIGINALPOST,monkeyvibez138Ie
ORIGINALPOST,jackarse3257me
jackarse3257me,GhostTypeFlygon52Ye
GhostTypeFlygon52Ye,owetre18583I.
jackarse3257me,Goodly249N.
ORIGINALPOST,ethan_kahn37An
ethan_kahn37An,-MoonMan103Tf
-MoonMan103Tf,frankeneggo257Tt
ORIGINALPOST,dayafterstudios23Ie
ORIGINALPOST,PixelBlock177Is
ORIGINALPOST,LostHikerPants55T.
ORIGINALPOST,nakizo36Ar
ORIGINALPOST,thothisgod2458Nt
ORIGINALPOST,FuCuck20nr
ORIGINALPOST,guibolla42B!
ORIGINALPOST,KindledAF87Ig
ORIGINALPOST,ajfunk279TO
ORIGINALPOST,arjhek158No
